name,company,year,Price,kms_driven,fuel_type,car_age,mileage_per_year
Hyundai Santro Xing XO eRLX Euro III,Hyundai,2007,80000.0,45000,Petrol,19,2250.0
Mahindra Jeep CL550 MDI,Mahindra,2006,425000.0,40,Diesel,20,1.9047619047619047
Hyundai Grand i10 Magna 1.2 Kappa VTVT,Hyundai,2014,325000.0,28000,Petrol,12,2153.846153846154
Ford EcoSport Titanium 1.5L TDCi,Ford,2014,575000.0,36000,Diesel,12,2769.230769230769
Ford Figo,Ford,2012,175000.0,41000,Diesel,14,2733.3333333333335
Hyundai Eon,Hyundai,2013,190000.0,25000,Petrol,13,1785.7142857142858
Ford EcoSport Ambiente 1.5L TDCi,Ford,2016,830000.0,24530,Diesel,10,2230.0
Maruti Suzuki Alto K10 VXi AMT,Maruti,2015,250000.0,60000,Petrol,11,5000.0
Skoda Fabia Classic 1.2 MPI,Skoda,2010,182000.0,60000,Petrol,16,3529.4117647058824
Maruti Suzuki Stingray VXi,Maruti,2015,315000.0,30000,Petrol,11,2500.0
Hyundai Elite i20 Magna 1.2,Hyundai,2014,415000.0,32000,Petrol,12,2461.5384615384614
Mahindra Scorpio SLE BS IV,Mahindra,2015,320000.0,48660,Diesel,11,4055.0
Hyundai Santro Xing XO eRLX Euro III,Hyundai,2007,80000.0,45000,Petrol,19,2250.0
Mahindra Jeep CL550 MDI,Mahindra,2006,425000.0,40,Diesel,20,1.9047619047619047
Audi Q7,Audi,2014,500000.0,16934,Diesel,12,1302.6153846153845
Mahindra Scorpio S10,Mahindra,2016,350000.0,43000,Diesel,10,3909.090909090909
Maruti Suzuki Alto 800,Maruti,2014,160000.0,35550,Petrol,12,2734.6153846153848
Mahindra Scorpio S10,Mahindra,2016,350000.0,43000,Diesel,10,3909.090909090909
Mahindra Scorpio S10,Mahindra,2016,310000.0,39522,Diesel,10,3592.909090909091
Maruti Suzuki Alto 800 Vxi,Maruti,2015,75000.0,39000,Petrol,11,3250.0
Hyundai i20 Sportz 1.2,Hyundai,2012,100000.0,55000,Petrol,14,3666.6666666666665
Hyundai i20 Sportz 1.2,Hyundai,2012,100000.0,55000,Petrol,14,3666.6666666666665
Hyundai i20 Sportz 1.2,Hyundai,2012,100000.0,55000,Petrol,14,3666.6666666666665
Maruti Suzuki Alto 800 Lx,Maruti,2017,190000.0,72000,Petrol,9,7200.0
Maruti Suzuki Vitara Brezza ZDi,Maruti,2016,290000.0,15975,Diesel,10,1452.2727272727273
Maruti Suzuki Alto LX,Maruti,2008,95000.0,70000,Petrol,18,3684.2105263157896
Mahindra Bolero DI,Mahindra,2017,180000.0,23452,Diesel,9,2345.2
Maruti Suzuki Swift Dzire ZDi,Maruti,2014,385000.0,35522,Diesel,12,2732.4615384615386
Mahindra Scorpio S10 4WD,Mahindra,2015,250000.0,48508,Diesel,11,4042.3333333333335
Maruti Suzuki Swift Vdi BSIII,Maruti,2017,180000.0,15487,Petrol,9,1548.7
Maruti Suzuki Wagon R VXi BS III,Maruti,2013,105000.0,39000,Petrol,13,2785.714285714286
Maruti Suzuki Wagon R VXi Minor,Maruti,2013,105000.0,39000,Petrol,13,2785.714285714286
Toyota Innova 2.0 G 8 STR BS IV,Toyota,2012,650000.0,82000,Diesel,14,5466.666666666667
Renault Lodgy 85 PS RXL,Renault,2018,689999.0,20000,Diesel,8,2222.222222222222
Skoda Yeti Ambition 2.0 TDI CR 4x2,Skoda,2012,448000.0,68000,Diesel,14,4533.333333333333
Maruti Suzuki Baleno Delta 1.2,Maruti,2017,549000.0,32000,Diesel,9,3200.0
Renault Duster 110 PS RxZ Diesel Plus,Renault,2012,501000.0,38000,Diesel,14,2533.3333333333335
Renault Duster 85 PS RxE Diesel,Renault,2013,489999.0,27000,Diesel,13,1928.5714285714287
Honda City 1.5 S MT,Honda,2011,280000.0,33000,Petrol,15,2062.5
Maruti Suzuki Alto K10 VXi AMT,Maruti,2015,250000.0,60000,Petrol,11,5000.0
Maruti Suzuki Dzire,Maruti,2013,349999.0,46000,Diesel,13,3285.714285714286
Honda Amaze,Honda,2013,284999.0,46000,Diesel,13,3285.714285714286
Honda Amaze 1.5 SX i DTEC,Honda,2015,345000.0,36000,Diesel,11,3000.0
Honda City,Honda,2015,499999.0,55000,Petrol,11,4583.333333333333
Datsun Redi GO S,Datsun,2017,235000.0,16000,Petrol,9,1600.0
Maruti Suzuki SX4 ZXI MT,Maruti,2010,249999.0,36000,Petrol,16,2117.6470588235293
Mahindra Bolero DI,Mahindra,2017,180000.0,23452,Diesel,9,2345.2
Maruti Suzuki Swift Dzire ZDi,Maruti,2014,385000.0,35522,Diesel,12,2732.4615384615386
Mahindra Scorpio S10 4WD,Mahindra,2015,250000.0,48508,Diesel,11,4042.3333333333335
Maruti Suzuki Swift Vdi BSIII,Maruti,2017,180000.0,15487,Petrol,9,1548.7
Maruti Suzuki Wagon R VXi BS III,Maruti,2013,105000.0,39000,Petrol,13,2785.714285714286
Maruti Suzuki Wagon R VXi Minor,Maruti,2013,105000.0,39000,Petrol,13,2785.714285714286
Mahindra Scorpio S10,Mahindra,2015,395000.0,35000,Diesel,11,2916.6666666666665
Maruti Suzuki Swift VXi 1.2 ABS BS IV,Maruti,2017,220000.0,30874,Petrol,9,3087.4
Honda City ZX CVT,Honda,2017,170000.0,15000,Diesel,9,1500.0
Maruti Suzuki Wagon R LX BS IV,Maruti,2013,85000.0,29685,Petrol,13,2120.3571428571427
Ford Figo,Ford,2012,175000.0,41000,Diesel,14,2733.3333333333335
Hyundai Eon,Hyundai,2013,190000.0,25000,Petrol,13,1785.7142857142858
Tata Indigo eCS LS CR4 BS IV,Tata,2017,200000.0,130000,Diesel,9,13000.0
Ford EcoSport Ambiente 1.5L TDCi,Ford,2016,830000.0,24530,Diesel,10,2230.0
Tata Indigo eCS LS CR4 BS IV,Tata,2017,200000.0,130000,Diesel,9,13000.0
Mahindra Scorpio SLE BS IV,Mahindra,2012,570000.0,19000,Diesel,14,1266.6666666666667
Volkswagen Polo Highline Exquisite P,Volkswagen,2014,315000.0,60000,Petrol,12,4615.384615384615
Skoda Fabia Classic 1.2 MPI,Skoda,2010,182000.0,60000,Petrol,16,3529.4117647058824
Maruti Suzuki Stingray VXi,Maruti,2015,315000.0,30000,Petrol,11,2500.0
Chevrolet Spark LS 1.0,Chevrolet,2010,110000.0,41000,Petrol,16,2411.764705882353
Renault Duster 110PS Diesel RxZ,Renault,2012,501000.0,35000,Diesel,14,2333.3333333333335
Honda City,Honda,2015,448999.0,54000,Petrol,11,4500.0
Datsun Redi GO S,Datsun,2017,235000.0,16000,Petrol,9,1600.0
Skoda Fabia 1.2L Diesel Ambiente,Skoda,2011,159500.0,38200,Diesel,15,2387.5
Honda Amaze,Honda,2015,344999.0,22000,Petrol,11,1833.3333333333333
Honda Amaze,Honda,2015,344999.0,22000,Petrol,11,1833.3333333333333
Renault Duster,Renault,2014,449999.0,50000,Diesel,12,3846.153846153846
Mahindra Scorpio S4,Mahindra,2015,865000.0,30000,Diesel,11,2500.0
Mahindra Scorpio VLX 2WD BS IV,Mahindra,2014,699000.0,50000,Diesel,12,3846.153846153846
Mahindra Quanto C8,Mahindra,2013,375000.0,20000,Diesel,13,1428.5714285714287
Ford EcoSport,Ford,2017,489999.0,39000,Petrol,9,3900.0
Honda Brio,Honda,2012,224999.0,30000,Petrol,14,2000.0
Hyundai i20 Magna,Hyundai,2009,195000.0,32000,Petrol,17,1777.7777777777778
Toyota Corolla Altis Diesel D4DG,Toyota,2010,351000.0,38000,Diesel,16,2235.294117647059
Hyundai Verna Transform SX VTVT,Hyundai,2008,160000.0,45000,Petrol,18,2368.4210526315787
Toyota Corolla Altis Petrol Ltd,Toyota,2009,240000.0,35000,Petrol,17,1944.4444444444443
Honda City 1.5 EXi New,Honda,2005,90000.0,50000,Petrol,21,2272.7272727272725
Hyundai Elite i20 Magna 1.2,Hyundai,2014,415000.0,32000,Petrol,12,2461.5384615384614
Skoda Fabia 1.2L Diesel Elegance,Skoda,2011,155000.0,45863,Diesel,15,2866.4375
BMW 3 Series 320i,BMW,2011,600000.0,60500,Petrol,15,3781.25
Maruti Suzuki A Star Lxi,Maruti,2011,189500.0,12500,Petrol,15,781.25
Toyota Etios GD,Toyota,2013,350000.0,60000,Diesel,13,4285.714285714285
Ford Figo Diesel EXI Option,Ford,2012,210000.0,35000,Diesel,14,2333.3333333333335
Maruti Suzuki Swift Dzire VXi 1.2 BS IV,Maruti,2014,390000.0,35000,Petrol,12,2692.3076923076924
Chevrolet Beat LT Diesel,Chevrolet,2012,135000.0,45000,Diesel,14,3000.0
Mahindra XUV500 W8 AWD 2013,Mahindra,2013,701000.0,38000,Diesel,13,2714.285714285714
Hyundai i10 Magna 1.2,Hyundai,2014,265000.0,18000,Petrol,12,1384.6153846153845
Hyundai Verna Fluidic New,Hyundai,2015,525000.0,35000,Diesel,11,2916.6666666666665
Maruti Suzuki Swift VXi 1.2 BS IV,Maruti,2013,372000.0,13349,Petrol,13,953.5
Maruti Suzuki Ertiga ZXI Plus,Maruti,2016,635000.0,29000,Petrol,10,2636.3636363636365
Ford EcoSport Titanium 1.5L TDCi,Ford,2014,550000.0,44000,Diesel,12,3384.6153846153848
Maruti Suzuki Ertiga Vxi,Maruti,2016,575000.0,29000,Petrol,10,2636.3636363636365
Maruti Suzuki Ertiga VDi,Maruti,2013,485000.0,42000,Diesel,13,3000.0
Maruti Suzuki Alto LXi BS III,Maruti,2012,155000.0,14000,Petrol,14,933.3333333333334
Hyundai Grand i10 Asta 1.1 CRDi,Hyundai,2014,345000.0,49000,Diesel,12,3769.230769230769
Honda Amaze 1.2 S i VTEC,Honda,2014,325000.0,42000,Petrol,12,3230.769230769231
Hyundai i20 Asta 1.4 CRDI 6 Speed,Hyundai,2012,329500.0,36200,Diesel,14,2413.3333333333335
Ford Figo Diesel EXI,Ford,2014,195000.0,50000,Diesel,12,3846.153846153846
Maruti Suzuki Eeco 5 STR WITH AC HTR,Maruti,2015,251111.0,55000,Petrol,11,4583.333333333333
Maruti Suzuki Ertiga ZXi,Maruti,2014,569999.0,45000,Petrol,12,3461.5384615384614
Maruti Suzuki Esteem LXi BS III,Maruti,2007,69999.0,51000,Petrol,19,2550.0
Maruti Suzuki Ritz VXI,Maruti,2014,299999.0,19000,Petrol,12,1461.5384615384614
Maruti Suzuki Dzire,Maruti,2009,220000.0,46000,Petrol,17,2555.5555555555557
Maruti Suzuki Ritz LDi,Maruti,2013,399999.0,33000,Diesel,13,2357.1428571428573
Maruti Suzuki Swift VXi 1.2 BS IV,Maruti,2013,372000.0,13349,Petrol,13,953.5
Maruti Suzuki Dzire VDI,Maruti,2015,450000.0,104000,Diesel,11,8666.666666666666
Toyota Etios Liva G,Toyota,2014,270000.0,55000,Petrol,12,4230.7692307692305
Hyundai i20 Sportz 1.4 CRDI,Hyundai,2011,350000.0,33333,Diesel,15,2083.3125
Chevrolet Spark,Chevrolet,2012,158400.0,33600,Petrol,14,2240.0
Maruti Suzuki Alto K10 VXi AMT,Maruti,2017,350000.0,5600,Petrol,9,560.0
Nissan Micra XV,Nissan,2011,179000.0,41000,Petrol,15,2562.5
Maruti Suzuki Swift,Maruti,2007,125000.0,70000,Petrol,19,3500.0
Maruti Suzuki Alto 800,Maruti,2018,200000.0,7500,Petrol,8,833.3333333333334
Honda Amaze 1.5 S i DTEC,Honda,2013,299000.0,45000,Diesel,13,3214.285714285714
Maruti Suzuki Alto 800 Vxi,Maruti,2015,220000.0,38000,Petrol,11,3166.6666666666665
Chevrolet Beat,Chevrolet,2015,150000.0,30000,Petrol,11,2500.0
Honda City 1.5 V MT,Honda,2010,285000.0,35000,Petrol,16,2058.823529411765
Ford EcoSport Trend 1.5L TDCi,Ford,2016,830000.0,24330,Diesel,10,2211.818181818182
Hyundai i20 Asta 1.2,Hyundai,2009,210000.0,65480,Petrol,17,3637.777777777778
Maruti Suzuki Swift Dzire VXi 1.2 BS IV,Maruti,2013,340000.0,41000,Petrol,13,2928.5714285714284
Tata Indica V2 eLS,Tata,2006,90000.0,20000,Petrol,20,952.3809523809524
Hindustan Motors Ambassador,Hindustan,2000,70000.0,200000,Diesel,26,7407.407407407408
Toyota Corolla Altis 1.8 GL,Toyota,2010,289999.0,70000,Petrol,16,4117.64705882353
Toyota Corolla Altis 1.8 J,Toyota,2012,349999.0,59000,Petrol,14,3933.3333333333335
Toyota Innova 2.5 GX BS IV 7 STR,Toyota,2012,849999.0,99000,Diesel,14,6600.0
Volkswagen Jetta Highline TDI AT,Volkswagen,2014,749999.0,46000,Diesel,12,3538.4615384615386
Volkswagen Polo Comfortline 1.2L P,Volkswagen,2015,399999.0,2800,Petrol,11,233.33333333333334
Volkswagen Polo,Volkswagen,2014,274999.0,32000,Petrol,12,2461.5384615384614
Renault Duster,Renault,2014,449999.0,50000,Diesel,12,3846.153846153846
Honda Amaze,Honda,2015,344999.0,22000,Petrol,11,1833.3333333333333
Nissan Sunny,Nissan,2012,224999.0,45000,Petrol,14,3000.0
Hyundai Elite i20,Hyundai,2018,599999.0,21000,Petrol,8,2333.3333333333335
Renault Kwid,Renault,2016,244999.0,11000,Petrol,10,1000.0
Renault Duster,Renault,2013,399999.0,41000,Diesel,13,2928.5714285714284
Ford EcoSport,Ford,2017,489999.0,39000,Petrol,9,3900.0
Renault Duster,Renault,2014,474999.0,50000,Diesel,12,3846.153846153846
Mahindra Scorpio VLX Airbag,Mahindra,2011,499999.0,66000,Diesel,15,4125.0
Maruti Suzuki Alto 800 Lxi,Maruti,2018,310000.0,3000,Petrol,8,333.3333333333333
Chevrolet Spark LT 1.0,Chevrolet,2010,85000.0,45000,Petrol,16,2647.0588235294117
Datsun Redi GO T O,Datsun,2016,245000.0,7000,Petrol,10,636.3636363636364
Maruti Suzuki Swift RS VDI,Maruti,2010,189500.0,38500,Diesel,16,2264.705882352941
Fiat Punto Emotion 1.2,Fiat,2012,169500.0,37200,Diesel,14,2480.0
Maruti Suzuki Swift RS VDI,Maruti,2010,159500.0,43200,Diesel,16,2541.176470588235
Toyota Etios GD,Toyota,2013,275000.0,24800,Petrol,13,1771.4285714285713
Hyundai i20 Sportz 1.4 CRDI,Hyundai,2014,370000.0,60000,Diesel,12,4615.384615384615
Hyundai i10 Sportz 1.2,Hyundai,2010,168000.0,45872,Petrol,16,2698.3529411764707
Chevrolet Beat LT Opt Diesel,Chevrolet,2011,150000.0,40000,Diesel,15,2500.0
Chevrolet Beat LS Diesel,Chevrolet,2011,145000.0,45000,Diesel,15,2812.5
Chevrolet Beat LT Diesel,Chevrolet,2012,98500.0,38000,Diesel,14,2533.3333333333335
Mahindra Scorpio VLX 2WD BS IV,Mahindra,2014,699000.0,50000,Diesel,12,3846.153846153846
Tata Indigo CS,Tata,2011,85000.0,11400,Diesel,15,712.5
Toyota Corolla Altis 1.8 J,Toyota,2015,575000.0,42000,Petrol,11,3500.0
Honda City 1.5 V MT,Honda,2014,549000.0,39000,Petrol,12,3000.0
Maruti Suzuki Swift VDi,Maruti,2011,209000.0,47000,Diesel,15,2937.5
Hyundai Eon Era Plus,Hyundai,2013,185000.0,27000,Petrol,13,1928.5714285714287
Mahindra Scorpio S10,Mahindra,2015,900000.0,97200,Diesel,11,8100.0
Mahindra XUV500,Mahindra,2014,699999.0,52000,Diesel,12,4000.0
Honda Brio,Honda,2012,224999.0,30000,Petrol,14,2000.0
Ford Fiesta,Ford,2011,274999.0,55000,Diesel,15,3437.5
Honda Amaze,Honda,2013,284999.0,46000,Diesel,13,3285.714285714286
Honda City,Honda,2015,599999.0,30000,Diesel,11,2500.0
Maruti Suzuki Wagon R,Maruti,2012,199999.0,44000,Petrol,14,2933.3333333333335
Honda City,Honda,2014,544999.0,45000,Diesel,12,3461.5384615384614
Hyundai i20,Hyundai,2009,199000.0,31000,Petrol,17,1722.2222222222222
Tata Indigo eCS LX TDI BS III,Tata,2016,320000.0,175430,Diesel,10,15948.181818181818
Hyundai Fluidic Verna 1.6 CRDi SX,Hyundai,2015,540000.0,38000,Diesel,11,3166.6666666666665
Mahindra Quanto C8,Mahindra,2013,340000.0,37000,Diesel,13,2642.8571428571427
Fiat Petra ELX 1.2 PS,Fiat,2008,75000.0,65000,Petrol,18,3421.0526315789475
Skoda Fabia 1.2L Diesel Ambiente,Skoda,2011,159500.0,38200,Diesel,15,2387.5
Hyundai Santro Xing XS,Hyundai,2005,49000.0,7500,Petrol,21,340.90909090909093
Maruti Suzuki Ciaz VXi Plus,Maruti,2016,700000.0,3350,Petrol,10,304.54545454545456
Maruti Suzuki Zen VX,Maruti,2000,55000.0,60000,Petrol,26,2222.222222222222
Honda City,Honda,2015,448999.0,54000,Petrol,11,4500.0
Hyundai Creta 1.6 SX Plus Petrol,Hyundai,2017,895000.0,32000,Petrol,9,3200.0
Mahindra Scorpio SLX,Mahindra,2007,355000.0,75000,Diesel,19,3750.0
Mahindra Scorpio SLE BS IV,Mahindra,2012,565000.0,62000,Diesel,14,4133.333333333333
Toyota Innova 2.5 G BS III 8 STR,Toyota,2006,365000.0,73000,Diesel,20,3476.190476190476
Maruti Suzuki Alto K10 VXi AMT,Maruti,2011,145000.0,41000,Petrol,15,2562.5
Maruti Suzuki Wagon R LXI BS IV,Maruti,2011,210000.0,35000,Petrol,15,2187.5
Tata Nano Cx BSIV,Tata,2013,40000.0,2200,Petrol,13,157.14285714285714
Maruti Suzuki Alto Std BS IV,Maruti,2013,125000.0,39000,Petrol,13,2785.714285714286
Maruti Suzuki Wagon R LXi BS III,Maruti,2009,135000.0,45000,Petrol,17,2500.0
Maruti Suzuki Swift VXI BSIII,Maruti,2006,135000.0,45000,Petrol,20,2142.8571428571427
Tata Sumo Victa EX 10 by 7 Str BSIII,Tata,2012,285000.0,65000,Diesel,14,4333.333333333333
Maruti Suzuki Wagon R LXi BS III,Maruti,2010,145000.0,54870,Petrol,16,3227.6470588235293
Maruti Suzuki Alto LXi BS III,Maruti,2010,135000.0,34580,Petrol,16,2034.1176470588234
Volkswagen Passat Diesel Comfortline AT,Volkswagen,2009,450000.0,97000,Diesel,17,5388.888888888889
Renault Scala RxL Diesel Travelogue,Renault,2015,375000.0,25000,Diesel,11,2083.3333333333335
Mahindra Quanto C8,Mahindra,2013,375000.0,20000,Diesel,13,1428.5714285714287
Hyundai Grand i10 Sportz O 1.2 Kappa VTVT,Hyundai,2014,365000.0,20000,Petrol,12,1538.4615384615386
Hyundai i20 Active 1.2 SX,Hyundai,2015,500000.0,18000,Petrol,11,1500.0
Mahindra Xylo E4,Mahindra,2012,400000.0,35000,Diesel,14,2333.3333333333335
Mahindra Jeep MM 550 XDB,Mahindra,2019,390000.0,60,Diesel,7,7.5
Renault Duster 110PS Diesel RxZ,Renault,2012,501000.0,35000,Diesel,14,2333.3333333333335
Mahindra Bolero SLE BS IV,Mahindra,2013,330000.0,80200,Diesel,13,5728.571428571428
Force Motors Force One LX ABS 7 STR,Force,2015,580000.0,3200,Diesel,11,266.6666666666667
Maruti Suzuki SX4,Maruti,2012,265000.0,46000,Diesel,14,3066.6666666666665
Mahindra Jeep CL550 MDI,Mahindra,2019,379000.0,0,Diesel,7,0.0
Maruti Suzuki Alto 800,Maruti,2015,219000.0,5000,Petrol,11,416.6666666666667
Mahindra Jeep CL550 MDI,Mahindra,2018,385000.0,588,Diesel,8,65.33333333333333
Toyota Etios,Toyota,2011,275000.0,36000,Diesel,15,2250.0
Volkswagen Polo,Volkswagen,2015,330000.0,38000,Diesel,11,3166.6666666666665
Honda City ZX VTEC,Honda,2008,110000.0,45000,Petrol,18,2368.4210526315787
Maruti Suzuki Wagon R LX BS III,Maruti,2006,80000.0,71200,Petrol,20,3390.4761904761904
Honda City VX O MT Diesel,Honda,2016,519000.0,52000,Diesel,10,4727.272727272727
Mahindra Thar CRDe 4x4 AC,Mahindra,2016,730000.0,29000,Diesel,10,2636.3636363636365
Audi A4 1.8 TFSI Multitronic Premium Plus,Audi,2009,699000.0,47000,Petrol,17,2611.1111111111113
Renault Kwid RXT,Renault,2017,340000.0,5000,Petrol,9,500.0
Tata Aria Pleasure 4X2,Tata,2014,390000.0,35000,Diesel,12,2692.3076923076924
Datsun GO T O,Datsun,2016,245000.0,7000,Petrol,10,636.3636363636364
Tata Indigo eCS LX TDI BS III,Tata,2016,320000.0,175430,Diesel,10,15948.181818181818
Tata Indigo eCS LX TDI BS III,Tata,2016,320000.0,175400,Diesel,10,15945.454545454546
Honda Jazz VX MT,Honda,2016,450000.0,41000,Petrol,10,3727.2727272727275
Honda Amaze 1.2 S i VTEC,Honda,2014,311000.0,33000,Petrol,12,2538.4615384615386
Honda Amaze,Honda,2013,284999.0,46000,Diesel,13,3285.714285714286
Honda City,Honda,2012,399999.0,45000,Petrol,14,3000.0
Honda City,Honda,2015,599999.0,39000,Diesel,11,3250.0
Honda Amaze,Honda,2015,344999.0,22000,Petrol,11,1833.3333333333333
Audi A4 1.8 TFSI Multitronic Premium Plus,Audi,2009,699000.0,47000,Petrol,17,2611.1111111111113
Force Motors Force One LX ABS 7 STR,Force,2015,580000.0,3200,Diesel,11,266.6666666666667
Mahindra Scorpio S4,Mahindra,2015,855000.0,30000,Diesel,11,2500.0
Hyundai i20 Active 1.4L SX O,Hyundai,2015,535000.0,37000,Diesel,11,3083.3333333333335
Maruti Suzuki Ciaz ZXI Plus,Maruti,2017,699000.0,14000,Petrol,9,1400.0
Chevrolet Tavera Neo,Chevrolet,2013,375000.0,55000,Diesel,13,3928.5714285714284
Honda Amaze,Honda,2013,284999.0,46000,Diesel,13,3285.714285714286
Hyundai Eon Sportz,Hyundai,2012,178000.0,30000,Petrol,14,2000.0
Tata Sumo Gold Select Variant,Tata,2013,300000.0,50000,Diesel,13,3571.4285714285716
Maruti Suzuki Wagon R 1.0,Maruti,2003,90000.0,45000,Petrol,23,1875.0
Maruti Suzuki Esteem VXi BS III,Maruti,2006,95000.0,45000,Petrol,20,2142.8571428571427
Maruti Suzuki Eeco 5 STR WITH AC HTR,Maruti,2015,255000.0,9300,Petrol,11,775.0
Chevrolet Enjoy 1.4 LS 8 STR,Chevrolet,2013,245000.0,55000,Diesel,13,3928.5714285714284
Hyundai i20 Asta 1.4 CRDI 6 Speed,Hyundai,2012,329500.0,36200,Diesel,14,2413.3333333333335
Ford Figo Diesel EXI,Ford,2014,195000.0,50000,Diesel,12,3846.153846153846
Maruti Suzuki Eeco 5 STR WITH AC HTR,Maruti,2015,251111.0,55000,Petrol,11,4583.333333333333
Maruti Suzuki Ertiga ZXi,Maruti,2014,569999.0,45000,Petrol,12,3461.5384615384614
Maruti Suzuki Esteem LXi BS III,Maruti,2007,69999.0,51000,Petrol,19,2550.0
Maruti Suzuki Ritz VXI,Maruti,2014,299999.0,19000,Petrol,12,1461.5384615384614
Maruti Suzuki Dzire,Maruti,2009,220000.0,46000,Petrol,17,2555.5555555555557
Maruti Suzuki Ritz LDi,Maruti,2013,399999.0,33000,Diesel,13,2357.1428571428573
Maruti Suzuki SX4 ZXI MT,Maruti,2010,249999.0,36000,Petrol,16,2117.6470588235293
Maruti Suzuki Wagon R 1.0 VXi,Maruti,2015,289999.0,22000,Petrol,11,1833.3333333333333
Nissan Terrano XL D Plus,Nissan,2015,499999.0,60000,Diesel,11,5000.0
Renault Duster 85 PS RxE Diesel,Renault,2013,489999.0,27000,Diesel,13,1928.5714285714287
Renault Duster 85 PS RxE Diesel,Renault,2014,489999.0,59000,Diesel,12,4538.461538461538
Renault Duster 85 PS RxL Diesel,Renault,2015,549999.0,19000,Diesel,11,1583.3333333333333
Maruti Suzuki Dzire ZXI,Maruti,2013,380000.0,30000,Petrol,13,2142.8571428571427
Renault Kwid RXT Opt,Renault,2018,325000.0,15000,Petrol,8,1666.6666666666667
Maruti Suzuki Maruti 800 Std,Maruti,2003,57000.0,56758,Petrol,23,2364.9166666666665
Renault Kwid 1.0 RXT AMT,Renault,2018,349999.0,10000,Petrol,8,1111.111111111111
Renault Lodgy 85 PS RXL,Renault,2018,689999.0,20000,Diesel,8,2222.222222222222
Renault Scala RxL Diesel,Renault,2014,349999.0,49000,Diesel,12,3769.230769230769
Hyundai Grand i10 Asta 1.2 Kappa VTVT O,Hyundai,2014,410000.0,41000,Petrol,12,3153.846153846154
Maruti Suzuki Swift Dzire VXi 1.2 BS IV,Maruti,2011,225000.0,45000,Petrol,15,2812.5
Chevrolet Beat LS Petrol,Chevrolet,2010,120000.0,43000,Petrol,16,2529.4117647058824
Tata Indigo eCS LX TDI BS III,Tata,2016,320000.0,175430,Diesel,10,15948.181818181818
Hyundai Santro Xing XO eRLX Euro III,Hyundai,2000,59000.0,56450,Petrol,26,2090.740740740741
Hyundai Fluidic Verna 1.6 CRDi SX,Hyundai,2015,540000.0,38000,Diesel,11,3166.6666666666665
Chevrolet Beat LS Petrol,Chevrolet,2010,80000.0,56000,Petrol,16,3294.1176470588234
Mahindra Quanto C8,Mahindra,2013,340000.0,37000,Diesel,13,2642.8571428571427
Fiat Petra ELX 1.2 PS,Fiat,2008,75000.0,65000,Petrol,18,3421.0526315789475
Chevrolet Beat LS Petrol,Chevrolet,2015,220000.0,32700,Petrol,11,2725.0
Skoda Fabia 1.2L Diesel Ambiente,Skoda,2011,159500.0,38200,Diesel,15,2387.5
Ford EcoSport Titanium 1.5L TDCi,Ford,2016,599000.0,30000,Diesel,10,2727.2727272727275
Hyundai Accent GLX,Hyundai,2006,80000.0,56000,Petrol,20,2666.6666666666665
Mahindra TUV300 T4 Plus,Mahindra,2016,675000.0,9000,Diesel,10,818.1818181818181
Tata Indica V2 Xeta e GLE,Tata,2008,150000.0,11000,Petrol,18,578.9473684210526
Tata Indigo CS LS DiCOR,Tata,2009,72500.0,46000,Diesel,17,2555.5555555555557
Maruti Suzuki Swift VXi 1.2 ABS BS IV,Maruti,2019,610000.0,73,Petrol,7,9.125
Mahindra Scorpio VLX Special Edition BS III,Mahindra,2004,230000.0,160000,Diesel,22,6956.521739130435
Honda Accord,Honda,2009,175000.0,58559,Petrol,17,3253.277777777778
Mahindra Scorpio S4,Mahindra,2015,855000.0,30000,Diesel,11,2500.0
Chevrolet Tavera Neo,Chevrolet,2013,375000.0,55000,Diesel,13,3928.5714285714284
Ford EcoSport Titanium 1.5 TDCi,Ford,2014,520000.0,57000,Diesel,12,4384.615384615385
Maruti Suzuki Ertiga,Maruti,2015,524999.0,50000,Diesel,11,4166.666666666667
Honda Amaze,Honda,2014,299999.0,37000,Petrol,12,2846.153846153846
Maruti Suzuki Dzire,Maruti,2012,299999.0,40000,Petrol,14,2666.6666666666665
Honda City,Honda,2011,284999.0,55000,Petrol,15,3437.5
Mahindra Scorpio 2.6 CRDe,Mahindra,2007,220000.0,170000,Diesel,19,8500.0
Maruti Suzuki Dzire,Maruti,2014,424999.0,55000,Diesel,12,4230.7692307692305
Honda City,Honda,2015,644999.0,39000,Petrol,11,3250.0
Honda Mobilio,Honda,2014,399999.0,44000,Petrol,12,3384.6153846153848
Toyota Corolla Altis,Toyota,2009,199999.0,65000,Petrol,17,3611.1111111111113
Honda City,Honda,2014,584999.0,39000,Petrol,12,3000.0
Skoda Laura,Skoda,2012,349999.0,44000,Diesel,14,2933.3333333333335
Renault Duster,Renault,2015,449999.0,49000,Diesel,11,4083.3333333333335
Maruti Suzuki Ertiga,Maruti,2018,799999.0,9000,Diesel,8,1000.0
Maruti Suzuki Dzire,Maruti,2015,444999.0,45000,Diesel,11,3750.0
Mahindra XUV500,Mahindra,2014,649999.0,47000,Diesel,12,3615.3846153846152
Hyundai Verna Fluidic,Hyundai,2012,444999.0,40000,Diesel,14,2666.6666666666665
Maruti Suzuki Vitara Brezza,Maruti,2016,689999.0,29000,Diesel,10,2636.3636363636365
Maruti Suzuki Wagon R,Maruti,2016,344999.0,15000,Petrol,10,1363.6363636363637
Mahindra Scorpio,Mahindra,2015,944999.0,45000,Diesel,11,3750.0
Honda Amaze,Honda,2014,274999.0,35000,Petrol,12,2692.3076923076924
Mahindra XUV500,Mahindra,2013,689999.0,80000,Diesel,13,5714.285714285715
Mahindra Scorpio,Mahindra,2013,574999.0,68000,Diesel,13,4857.142857142857
Skoda Laura,Skoda,2013,374999.0,50000,Diesel,13,3571.4285714285716
Volkswagen Polo,Volkswagen,2010,199999.0,60000,Diesel,16,3529.4117647058824
Hyundai Elite i20,Hyundai,2016,549999.0,9000,Petrol,10,818.1818181818181
Tata Manza Aura Quadrajet,Tata,2012,130000.0,72000,Diesel,14,4800.0
Chevrolet Sail UVA Petrol LT ABS,Chevrolet,2013,210000.0,60000,Petrol,13,4285.714285714285
Renault Duster 110 PS RxZ Diesel Plus,Renault,2012,501000.0,38000,Diesel,14,2533.3333333333335
Hyundai Verna Fluidic 1.6 VTVT SX,Hyundai,2013,401000.0,45000,Diesel,13,3214.285714285714
Hyundai Elantra SX,Hyundai,2013,600000.0,20000,Petrol,13,1428.5714285714287
Mahindra Scorpio VLX 4WD Airbag,Mahindra,2013,610000.0,35000,Diesel,13,2500.0
Mahindra KUV100 K8 D 6 STR,Mahindra,2016,400000.0,20000,Diesel,10,1818.1818181818182
Renault Scala RxL Diesel Travelogue,Renault,2015,375000.0,25000,Diesel,11,2083.3333333333335
Mahindra Quanto C8,Mahindra,2013,375000.0,20000,Diesel,13,1428.5714285714287
Hyundai Grand i10 Sportz O 1.2 Kappa VTVT,Hyundai,2014,365000.0,20000,Petrol,12,1538.4615384615386
Hyundai i20 Active 1.2 SX,Hyundai,2015,500000.0,18000,Petrol,11,1500.0
Mahindra Xylo E4,Mahindra,2012,400000.0,35000,Diesel,14,2333.3333333333335
Hyundai Grand i10,Hyundai,2017,524999.0,6821,Petrol,9,682.1
Hyundai i20,Hyundai,2014,449999.0,23000,Petrol,12,1769.2307692307693
Hyundai Eon,Hyundai,2014,174999.0,14000,Petrol,12,1076.923076923077
Hyundai i10,Hyundai,2012,244999.0,38000,Petrol,14,2533.3333333333335
Hyundai i20 Active,Hyundai,2015,574999.0,35000,Diesel,11,2916.6666666666665
Datsun Redi GO,Datsun,2017,244999.0,22000,Petrol,9,2200.0
Toyota Etios Liva,Toyota,2011,239999.0,41000,Petrol,15,2562.5
Hyundai Accent,Hyundai,2010,99999.0,45000,Petrol,16,2647.0588235294117
Hyundai Verna,Hyundai,2014,489999.0,44000,Diesel,12,3384.6153846153848
Maruti Suzuki Swift,Maruti,2013,324999.0,45000,Diesel,13,3214.285714285714
Hyundai i10 Sportz,Hyundai,2012,230000.0,34000,Petrol,14,2266.6666666666665
Mahindra Bolero Power Plus SLE,Mahindra,2018,699000.0,1800,Diesel,8,200.0
Honda City 1.5 V MT Exclusive,Honda,2010,240000.0,400000,Petrol,16,23529.41176470588
Chevrolet Spark LT 1.0 Airbag,Chevrolet,2009,110000.0,44000,Petrol,17,2444.4444444444443
Mahindra Jeep MM 550 XDB,Mahindra,2019,390000.0,60,Diesel,7,7.5
Renault Duster 110PS Diesel RxZ,Renault,2012,501000.0,35000,Diesel,14,2333.3333333333335
Tata Indigo eCS VX CR4 BS IV,Tata,2014,250000.0,40000,Diesel,12,3076.923076923077
Mahindra Bolero SLE BS IV,Mahindra,2013,330000.0,80200,Diesel,13,5728.571428571428
Force Motors Force One LX ABS 7 STR,Force,2015,580000.0,3200,Diesel,11,266.6666666666667
Skoda Rapid Elegance 1.6 TDI CR MT,Skoda,2013,340000.0,48000,Diesel,13,3428.5714285714284
Tata Vista Quadrajet VX,Tata,2011,120000.0,90000,Diesel,15,5625.0
Maruti Suzuki Alto K10 VXi AT,Maruti,2015,265000.0,12000,Petrol,11,1000.0
Maruti Suzuki SX4,Maruti,2012,265000.0,46000,Diesel,14,3066.6666666666665
Maruti Suzuki Zen LXi BS III,Maruti,2003,85000.0,69900,Petrol,23,2912.5
Mahindra Jeep CL550 MDI,Mahindra,2019,379000.0,0,Diesel,7,0.0
Hyundai i10 Magna 1.2,Hyundai,2011,175000.0,45000,Petrol,15,2812.5
Maruti Suzuki Alto 800,Maruti,2015,219000.0,5000,Petrol,11,416.6666666666667
Maruti Suzuki Swift Dzire Tour LDi,Maruti,2016,350000.0,166000,Diesel,10,15090.90909090909
Honda City ZX EXi,Honda,2008,149000.0,42000,Petrol,18,2210.5263157894738
Mahindra Jeep CL550 MDI,Mahindra,2018,385000.0,588,Diesel,8,65.33333333333333
Mahindra Jeep MM 550 XDB,Mahindra,2006,425000.0,122,Diesel,20,5.809523809523809
Chevrolet Beat Diesel,Chevrolet,2017,150000.0,62000,Diesel,9,6200.0
Honda City 1.5 S MT,Honda,2010,225000.0,70000,Petrol,16,4117.64705882353
Hyundai Verna 1.4 VTVT,Hyundai,2014,375000.0,36000,Petrol,12,2769.230769230769
Toyota Innova 2.5 E MS 7 STR BS IV,Toyota,2012,770000.0,0,Diesel,14,0.0
Maruti Suzuki Maruti 800 Std – Befo,Maruti,1995,30000.0,55000,Petrol,31,1718.75
Toyota Etios,Toyota,2011,275000.0,36000,Diesel,15,2250.0
Volkswagen Polo,Volkswagen,2015,330000.0,38000,Diesel,11,3166.6666666666665
Maruti Suzuki Swift,Maruti,2014,335000.0,55000,Diesel,12,4230.7692307692305
Hyundai Elite i20 Asta 1.4 CRDI,Hyundai,2015,450000.0,20000,Diesel,11,1666.6666666666667
Maruti Suzuki Swift Dzire VXi 1.2 BS IV,Maruti,2012,225000.0,40000,Petrol,14,2666.6666666666665
Maruti Suzuki Versa DX2 8 SEATER BSIII,Maruti,2004,80000.0,50000,Petrol,22,2173.913043478261
Tata Indigo LX TDI BS III,Tata,2016,130000.0,104000,Diesel,10,9454.545454545454
Volkswagen Vento Konekt Diesel Highline,Volkswagen,2011,245000.0,65000,Diesel,15,4062.5
Mercedes Benz C Class 200 CDI Classic,Mercedes,2002,399000.0,41000,Petrol,24,1640.0
Maruti Suzuki Ertiga VDi,Maruti,2013,450000.0,90000,Diesel,13,6428.571428571428
Honda City,Honda,2000,65000.0,80000,Petrol,26,2962.962962962963
Hyundai Santro Xing GLS,Hyundai,2006,75000.0,46000,Petrol,20,2190.4761904761904
Maruti Suzuki Omni Limited Edition,Maruti,2001,70000.0,70000,Petrol,25,2692.3076923076924
Hyundai Sonata Transform 2.4 GDi MT,Hyundai,2017,190000.0,36469,Diesel,9,3646.9
Hyundai Elite i20 Sportz 1.2,Hyundai,2018,600000.0,7800,Petrol,8,866.6666666666666
Volkswagen Vento Konekt Diesel Highline,Volkswagen,2011,245000.0,65000,Diesel,15,4062.5
Maruti Suzuki Alto 800 Lxi,Maruti,2017,240000.0,60000,Petrol,9,6000.0
Maruti Suzuki Alto LXi BS III,Maruti,2011,155000.0,32000,Petrol,15,2000.0
Honda Jazz S MT,Honda,2009,169999.0,24695,Petrol,17,1371.9444444444443
Hyundai Grand i10 Sportz 1.2 Kappa VTVT,Hyundai,2017,450000.0,15141,Petrol,9,1514.1
Maruti Suzuki Zen LXi BSII,Maruti,2001,40000.0,40000,Petrol,25,1538.4615384615386
Mahindra Scorpio W Turbo 2.6DX 9 Seater,Mahindra,2012,165000.0,65000,Diesel,14,4333.333333333333
Maruti Suzuki Alto K10 VXi,Maruti,2014,270000.0,22000,Petrol,12,1692.3076923076924
Hyundai Grand i10 Asta 1.2 Kappa VTVT,Hyundai,2016,280000.0,59910,Diesel,10,5446.363636363636
Mahindra XUV500 W8,Mahindra,2012,560000.0,100000,Diesel,14,6666.666666666667
Hyundai Creta 1.6 SX Plus Petrol,Hyundai,2016,950000.0,25000,Petrol,10,2272.7272727272725
Hyundai i20 Magna O 1.2,Hyundai,2013,310000.0,35000,Petrol,13,2500.0
Renault Duster 85 PS RxL Explore LE,Renault,2015,715000.0,65000,Diesel,11,5416.666666666667
Hyundai Grand i10 Sportz 1.2 Kappa VTVT,Hyundai,2014,340000.0,35000,Petrol,12,2692.3076923076924
Honda Brio V MT,Honda,2012,235000.0,33000,Petrol,14,2200.0
Mahindra TUV300 T4 Plus,Mahindra,2017,610000.0,68000,Diesel,9,6800.0
Chevrolet Spark LS 1.0,Chevrolet,2010,95000.0,23000,Petrol,16,1352.9411764705883
Maruti Suzuki Swift Dzire Tour LDi,Maruti,2015,220000.0,129000,Diesel,11,10750.0
Maruti Suzuki Alto 800 Vxi,Maruti,2015,230000.0,5000,Petrol,11,416.6666666666667
Ford Ikon 1.3 CLXi NXt Finesse,Ford,2001,45000.0,65000,Petrol,25,2500.0
Toyota Fortuner 3.0 4x4 MT,Toyota,2010,940000.0,131000,Diesel,16,7705.882352941177
Tata Manza ELAN Quadrajet,Tata,2010,155555.0,111111,Petrol,16,6535.941176470588
Chevrolet Beat LS Diesel,Chevrolet,2016,210000.0,22000,Diesel,10,2000.0
Ford EcoSport Trend 1.5L TDCi,Ford,2013,495000.0,38000,Diesel,13,2714.285714285714
Tata Indigo LS,Tata,2016,125000.0,70000,Diesel,10,6363.636363636364
Hyundai i20 Magna 1.2,Hyundai,2010,195000.0,36000,Petrol,16,2117.6470588235293
Volkswagen Vento Highline Plus 1.5 Diesel AT,Volkswagen,2015,550000.0,34000,Diesel,11,2833.3333333333335
Renault Kwid RXT,Renault,2015,270000.0,43000,Petrol,11,3583.3333333333335
Ford EcoSport Titanium 1.5L TDCi,Ford,2014,500000.0,40000,Diesel,12,3076.923076923077
Honda Amaze 1.5 E i DTEC,Honda,2016,240000.0,160000,Diesel,10,14545.454545454546
Hyundai Verna 1.6 EX VTVT,Hyundai,2017,800000.0,12000,Petrol,9,1200.0
Skoda Superb 1.8 TFSI AT,Skoda,2011,530000.0,68000,Petrol,15,4250.0
Mahindra Bolero DI BSII,Mahindra,2012,220000.0,59466,Diesel,14,3964.4
Mahindra Scorpio S10,Mahindra,2015,900000.0,97200,Diesel,11,8100.0
Ford Figo Duratorq Diesel Titanium 1.4,Ford,2012,250000.0,99000,Diesel,14,6600.0
Maruti Suzuki Wagon R VXI BS IV,Maruti,2018,395000.0,25500,Petrol,8,2833.3333333333335
Mahindra Logan Diesel 1.5 DLS,Mahindra,2009,130000.0,66000,Petrol,17,3666.6666666666665
Tata Nano GenX XMA,Tata,2010,32000.0,44005,Petrol,16,2588.529411764706
Mahindra TUV300 T4 Plus,Mahindra,2016,540000.0,35000,Diesel,10,3181.818181818182
Mahindra TUV300 T4 Plus,Mahindra,2016,540000.0,35000,Diesel,10,3181.818181818182
Hyundai Elite i20 Magna 1.2,Hyundai,2015,405000.0,28000,Petrol,11,2333.3333333333335
Hyundai Elite i20 Magna 1.2,Hyundai,2015,400000.0,30000,Petrol,11,2500.0
Honda City SV,Honda,2017,760000.0,4000,Petrol,9,400.0
Maruti Suzuki Baleno Delta 1.2,Maruti,2016,500000.0,28000,Petrol,10,2545.4545454545455
Ford Figo Petrol LXI,Ford,2011,175000.0,75000,Petrol,15,4687.5
Mahindra Scorpio S10,Mahindra,2015,900000.0,97200,Diesel,11,8100.0
Honda City,Honda,2017,750000.0,3000,Petrol,9,300.0
Hyundai Elite i20 Magna 1.2,Hyundai,2015,419000.0,20000,Petrol,11,1666.6666666666667
Maruti Suzuki Versa DX2 8 SEATER BSIII,Maruti,2004,90000.0,50000,Petrol,22,2173.913043478261
Hyundai Eon Era Plus,Hyundai,2018,140000.0,2110,Petrol,8,234.44444444444446
Hyundai i10 Magna 1.2 Kappa2,Hyundai,2008,275000.0,100200,Petrol,18,5273.684210526316
Toyota Corolla H2,Toyota,2003,150000.0,100000,Petrol,23,4166.666666666667
Maruti Suzuki Swift Dzire Tour VXi,Maruti,2011,230000.0,65,Petrol,15,4.0625
Tata Indigo CS eLS BS IV,Tata,2015,123000.0,100000,Diesel,11,8333.333333333334
Mahindra Scorpio S10,Mahindra,2015,900000.0,97200,Diesel,11,8100.0
Mahindra Scorpio S10,Mahindra,2015,900000.0,97200,Diesel,11,8100.0
Hyundai Xcent Base 1.1 CRDi,Hyundai,2016,300000.0,140000,Diesel,10,12727.272727272728
Honda City,Honda,2015,499999.0,55000,Petrol,11,4583.333333333333
Hyundai Accent Executive Edition,Hyundai,2009,165000.0,48000,Petrol,17,2666.6666666666665
Maruti Suzuki Baleno Delta 1.2,Maruti,2016,498000.0,22000,Petrol,10,2000.0
Tata Zest XE 75 PS Diesel,Tata,2018,480000.0,103553,Diesel,8,11505.888888888889
Maruti Suzuki Dzire LDI,Maruti,2017,488000.0,80000,Diesel,9,8000.0
Tata Sumo Gold LX BS IV,Tata,2014,250000.0,99000,Diesel,12,7615.384615384615
Toyota Corolla Altis GL Petrol,Toyota,2010,220000.0,58000,Petrol,16,3411.764705882353
Maruti Suzuki Eeco 7 STR,Maruti,2013,290000.0,70000,LPG,13,5000.0
Mahindra XUV500 W6,Mahindra,2013,548900.0,49800,Diesel,13,3557.1428571428573
Tata Tigor Revotron XZ,Tata,2019,650000.0,100,Diesel,7,12.5
Maruti Suzuki 800,Maruti,2001,55000.0,81876,Petrol,25,3149.076923076923
Maruti Suzuki Ertiga Vxi,Maruti,2015,550000.0,75000,Petrol,11,6250.0
Maruti Suzuki Versa DX2 8 SEATER BSIII,Maruti,2004,90000.0,50000,Petrol,22,2173.913043478261
Honda Mobilio S i DTEC,Honda,2014,399000.0,44000,Diesel,12,3384.6153846153848
Maruti Suzuki Ertiga,Maruti,2016,730000.0,55000,Diesel,10,5000.0
Maruti Suzuki Vitara Brezza,Maruti,2017,725000.0,36000,Diesel,9,3600.0
Hyundai Verna 1.6 CRDI E,Hyundai,2016,195000.0,56000,Diesel,10,5090.909090909091
Maruti Suzuki Swift VXI BSIII,Maruti,2007,130000.0,62000,Petrol,19,3100.0
Maruti Suzuki Omni Select Variant,Maruti,2014,190000.0,6020,Petrol,12,463.0769230769231
Honda Amaze,Honda,2013,250000.0,55700,Diesel,13,3978.5714285714284
Tata Indica,Tata,2005,80000.0,42000,Petrol,21,1909.090909090909
Hyundai Santro Xing,Hyundai,2003,120000.0,50000,Petrol,23,2083.3333333333335
Maruti Suzuki Zen Estilo,Maruti,2010,149000.0,35000,Petrol,16,2058.823529411765
Maruti Suzuki Wagon R LXI BS IV,Maruti,2014,250000.0,18500,Petrol,12,1423.076923076923
Maruti Suzuki Wagon R,Maruti,2007,120000.0,7000,Petrol,19,350.0
Honda Brio VX AT,Honda,2017,450000.0,11000,Petrol,9,1100.0
Maruti Suzuki Zen LXi BSII,Maruti,2003,99999.0,53000,Petrol,23,2208.3333333333335
Maruti Suzuki Zen Estilo LXI Green CNG,Maruti,2008,135000.0,23000,Petrol,18,1210.5263157894738
Maruti Suzuki Wagon R Select Variant,Maruti,2016,225000.0,35500,Diesel,10,3227.2727272727275
Maruti Suzuki Alto LXi BS III,Maruti,2010,99000.0,22134,Petrol,16,1302.0
Renault Kwid RXT,Renault,2019,370000.0,1000,Petrol,7,125.0
Tata Nano Lx BSIV,Tata,2010,52000.0,9000,Petrol,16,529.4117647058823
Hyundai Eon Magna Plus,Hyundai,2014,190000.0,35000,Petrol,12,2692.3076923076924
Honda City 1.5 S MT,Honda,2014,499000.0,22000,Petrol,12,1692.3076923076924
Hindustan Motors Ambassador,Hindustan,2002,90000.0,25000,Diesel,24,1000.0
Maruti Suzuki Ritz GENUS VXI,Maruti,2010,149000.0,40000,Petrol,16,2352.9411764705883
Hyundai Grand i10 Magna AT 1.2 Kappa VTVT,Hyundai,2017,400000.0,20000,Petrol,9,2000.0
Hyundai Eon D Lite Plus,Hyundai,2016,120000.0,87000,Petrol,10,7909.090909090909
Maruti Suzuki Swift Dzire VXi 1.2 BS IV,Maruti,2015,250000.0,55000,Petrol,11,4583.333333333333
Maruti Suzuki Wagon R VXI BS IV,Maruti,2017,375000.0,23000,Petrol,9,2300.0
Honda Amaze 1.2 VX i VTEC,Honda,2014,381000.0,6000,Petrol,12,461.53846153846155
Maruti Suzuki Estilo VXi ABS BS IV,Maruti,2013,180000.0,65000,Petrol,13,4642.857142857143
Maruti Suzuki Vitara Brezza LDi O,Maruti,2016,580000.0,25000,Diesel,10,2272.7272727272725
Maruti Suzuki Eeco 5 STR WITH AC HTR,Maruti,2015,278000.0,39000,Petrol,11,3250.0
Mahindra Scorpio Vlx BSIV,Mahindra,2013,690000.0,75000,Diesel,13,5357.142857142857
Maruti Suzuki Ertiga VDi,Maruti,2012,480000.0,51000,Diesel,14,3400.0
Mitsubishi Lancer 1.8 LXi,Mitsubishi,2006,85000.0,50000,Petrol,20,2380.9523809523807
Maruti Suzuki Maruti 800 AC,Maruti,2001,40000.0,75000,Petrol,25,2884.6153846153848
Maruti Suzuki Alto 800 LXI CNG O,Maruti,2015,90000.0,55800,Petrol,11,4650.0
Hyundai Grand i10 Magna 1.2 Kappa VTVT,Hyundai,2015,340000.0,53000,Petrol,11,4416.666666666667
Hyundai Eon D Lite Plus,Hyundai,2018,260000.0,25000,Petrol,8,2777.777777777778
Ford Fiesta SXi 1.6 ABS,Ford,2009,250000.0,56400,Petrol,17,3133.3333333333335
Maruti Suzuki Ritz VDi,Maruti,2010,180000.0,72160,Diesel,16,4244.705882352941
Hyundai Verna Fluidic New,Hyundai,2012,350000.0,10000,Diesel,14,666.6666666666666
Maruti Suzuki Wagon R LXi BS III,Maruti,2006,90001.0,48000,Petrol,20,2285.714285714286
Maruti Suzuki Estilo LX BS IV,Maruti,2007,115000.0,36000,Petrol,19,1800.0
Maruti Suzuki Wagon R LXi BS III,Maruti,2003,130000.0,133000,Petrol,23,5541.666666666667
Maruti Suzuki Wagon R,Maruti,2009,159000.0,27000,Petrol,17,1500.0
Maruti Suzuki Wagon R,Maruti,2009,160000.0,35000,Petrol,17,1944.4444444444443
Maruti Suzuki Alto,Maruti,2010,110000.0,55000,Petrol,16,3235.294117647059
Maruti Suzuki Baleno Sigma 1.2,Maruti,2016,425000.0,40000,Petrol,10,3636.3636363636365
Hyundai Verna 1.6 SX VTVT AT,Hyundai,2019,900000.0,2000,Petrol,7,250.0
Maruti Suzuki Swift GLAM,Maruti,2009,150000.0,45000,Petrol,17,2500.0
Hyundai Getz Prime 1.3 GVS,Hyundai,2009,110000.0,20000,Petrol,17,1111.111111111111
Hyundai Santro,Hyundai,2000,51999.0,88000,Petrol,26,3259.259259259259
Hyundai Getz Prime 1.3 GLX,Hyundai,2009,115000.0,20000,Petrol,17,1111.111111111111
Chevrolet Beat PS Diesel,Chevrolet,2012,215000.0,65422,Diesel,14,4361.466666666666
Ford EcoSport Trend 1.5 Ti VCT,Ford,2017,580000.0,10000,Petrol,9,1000.0
Maruti Suzuki Dzire ZXI,Maruti,2013,380000.0,35000,Petrol,13,2500.0
Hyundai Fluidic Verna 1.6 CRDi SX,Hyundai,2013,350000.0,117000,Diesel,13,8357.142857142857
Tata Indica V2 DLG,Tata,2005,35000.0,150000,Diesel,21,6818.181818181818
Hyundai i20 Asta 1.2,Hyundai,2010,300000.0,10750,Petrol,16,632.3529411764706
Honda City 1.5 V AT,Honda,2009,269000.0,55000,Petrol,17,3055.5555555555557
Tata Nano,Tata,2013,60000.0,6800,Petrol,13,485.7142857142857
Chevrolet Cruze LTZ AT,Chevrolet,2014,400000.0,41000,Diesel,12,3153.846153846154
Hyundai Verna Fluidic New,Hyundai,2015,430000.0,73000,Diesel,11,6083.333333333333
Maruti Suzuki Swift Dzire VDi,Maruti,2011,140000.0,65000,Diesel,15,4062.5
Maruti Suzuki Alto K10 LXi CNG,Maruti,2014,199000.0,37000,Petrol,12,2846.153846153846
Hyundai Accent GLE,Hyundai,2006,90000.0,55000,Petrol,20,2619.0476190476193
Force Motors One SUV,Force,2013,550000.0,140000,Diesel,13,10000.0
Maruti Suzuki Alto,Maruti,2019,265000.0,9800,Petrol,7,1225.0
Chevrolet Spark 1.0 LT,Chevrolet,2011,100000.0,27000,Petrol,15,1687.5
Hyundai i10,Hyundai,2009,215000.0,27000,Petrol,17,1500.0
Toyota Etios Liva GD,Toyota,2012,380000.0,20000,Diesel,14,1333.3333333333333
Renault Duster 85PS Diesel RxL Optional with Nav,Renault,2013,401919.0,57923,Diesel,13,4137.357142857143
Chevrolet Enjoy,Chevrolet,2014,490000.0,30201,Diesel,12,2323.153846153846
Maruti Suzuki Alto 800 Lxi,Maruti,2017,280000.0,6200,Petrol,9,620.0
BMW 5 Series 530i,BMW,2009,650000.0,37518,Petrol,17,2084.3333333333335
Toyota Etios Liva G,Toyota,2014,160000.0,24652,Petrol,12,1896.3076923076924
Mahindra Jeep MM 550 XDB,Mahindra,2004,424000.0,383,Diesel,22,16.652173913043477
Chevrolet Beat LS Diesel,Chevrolet,2016,225000.0,95000,Diesel,10,8636.363636363636
Chevrolet Cruze LTZ,Chevrolet,2011,350000.0,35000,Diesel,15,2187.5
Jeep Wrangler Unlimited 4x4 Diesel,Jeep,2015,950000.0,3528,Diesel,11,294.0
Maruti Suzuki Ertiga VDi,Maruti,2013,485000.0,52500,Diesel,13,3750.0
Hyundai Verna VGT CRDi SX ABS,Hyundai,2010,205000.0,47900,Diesel,16,2817.6470588235293
Maruti Suzuki Omni,Maruti,2012,160000.0,14000,Petrol,14,933.3333333333334
Maruti Suzuki Celerio VDi,Maruti,2018,310000.0,37000,Petrol,8,4111.111111111111
Tata Zest Quadrajet 1.3,Tata,2017,180000.0,90000,Diesel,9,9000.0
Mahindra XUV500 W6,Mahindra,2013,549900.0,52800,Diesel,13,3771.4285714285716
Tata Indigo CS eLX BS IV,Tata,2016,150000.0,104000,Diesel,10,9454.545454545454
Hyundai i10 Era,Hyundai,2011,175000.0,30000,Petrol,15,1875.0
Tata Indigo eCS LX TDI BS III,Tata,2014,95000.0,195000,Diesel,12,15000.0
Tata Indigo LX TDI BS III,Tata,2016,230000.0,104000,Diesel,10,9454.545454545454
Tata Indigo eCS LX CR4 BS IV,Tata,2016,230000.0,104000,Diesel,10,9454.545454545454
Tata Indigo Marina LS,Tata,2004,180000.0,70000,Diesel,22,3043.478260869565
Hyundai Xcent SX 1.2,Hyundai,2015,400000.0,43000,Diesel,11,3583.3333333333335
Hyundai Eon Magna Plus,Hyundai,2013,185000.0,23000,Petrol,13,1642.857142857143
Renault Duster 85 PS RxL Diesel,Renault,2015,385000.0,51000,Diesel,11,4250.0
Maruti Suzuki Alto K10 LXi CNG,Maruti,2009,90000.0,62000,Petrol,17,3444.4444444444443
Tata Nano LX Special Edition,Tata,2010,32000.0,48008,Petrol,16,2824.0
Renault Duster 110 PS RxZ Diesel,Renault,2013,435000.0,39000,Diesel,13,2785.714285714286
Maruti Suzuki Wagon R AX BSIV,Maruti,2010,225000.0,40000,Petrol,16,2352.9411764705883
Maruti Suzuki Swift,Maruti,2006,189700.0,48247,Petrol,20,2297.4761904761904
Maruti Suzuki Ertiga,Maruti,2012,389700.0,39000,Diesel,14,2600.0
Maruti Suzuki Swift VXi 1.2 ABS BS IV,Maruti,2014,365000.0,23000,Petrol,12,1769.2307692307693
Maruti Suzuki Alto K10 New,Maruti,2017,360000.0,9400,Petrol,9,940.0
Hyundai i20 Magna,Hyundai,2010,210000.0,50000,Petrol,16,2941.176470588235
Hyundai i10 Magna 1.2,Hyundai,2009,170000.0,75000,Petrol,17,4166.666666666667
Tata Zest XE 75 PS Diesel,Tata,2017,380000.0,70000,Diesel,9,7000.0
Mahindra Xylo E8,Mahindra,2009,295000.0,64000,Diesel,17,3555.5555555555557
Toyota Corolla Altis GL Petrol,Toyota,2010,185000.0,55000,Petrol,16,3235.294117647059
Tata Manza Aqua Quadrajet,Tata,2014,160000.0,200000,Diesel,12,15384.615384615385
Renault Kwid 1.0,Renault,2018,290000.0,2137,Petrol,8,237.44444444444446
Tata Venture EX 8 STR,Tata,2013,100000.0,30000,Diesel,13,2142.8571428571427
Maruti Suzuki Swift Dzire Tour LXi,Maruti,2014,315000.0,44000,Petrol,12,3384.6153846153848
Skoda Octavia Classic 1.9 TDI MT,Skoda,2006,114990.0,65000,Diesel,20,3095.2380952380954
Maruti Suzuki Omni LPG BS IV,Maruti,2012,120000.0,160000,LPG,14,10666.666666666666
Chevrolet Beat Diesel,Chevrolet,2011,125000.0,56000,Diesel,15,3500.0
Tata Sumo Gold EX BS IV,Tata,2012,210000.0,75000,Diesel,14,5000.0
Hyundai Verna 1.6 CRDI SX,Hyundai,2018,855000.0,42000,Diesel,8,4666.666666666667
Tata Sumo Gold EX BS IV,Tata,2012,210000.0,75000,Diesel,14,5000.0
Mahindra Scorpio 2.6 CRDe,Mahindra,2007,260000.0,56000,Diesel,19,2800.0
Maruti Suzuki Zen LXi BS III,Maruti,2002,95000.0,10544,Petrol,24,421.76
Maruti Suzuki Swift Dzire VXi 1.2 BS IV,Maruti,2011,255000.0,64000,Petrol,15,4000.0
Mahindra Scorpio SLX 2.6 Turbo 8 Str,Mahindra,2008,300000.0,70000,Diesel,18,3684.2105263157896
Hyundai Grand i10 Sportz 1.2 Kappa VTVT,Hyundai,2014,340000.0,25000,Petrol,12,1923.076923076923
Hyundai Elite i20 Sportz 1.2,Hyundai,2017,550000.0,15000,Petrol,9,1500.0
Ford Ikon 1.6 Nxt,Ford,2003,60000.0,50000,Petrol,23,2083.3333333333335
Toyota Innova 2.5 V 7 STR,Toyota,2011,750000.0,147000,Diesel,15,9187.5
Nissan Sunny XL,Nissan,2011,230000.0,52000,Petrol,15,3250.0
Chevrolet Beat LT Diesel,Chevrolet,2012,130000.0,90001,Diesel,14,6000.066666666667
Maruti Suzuki Alto 800 Lxi,Maruti,2017,270000.0,21000,Petrol,9,2100.0
Maruti Suzuki Swift VDi BS IV,Maruti,2012,280000.0,48006,Diesel,14,3200.4
Maruti Suzuki Swift VDi BS IV,Maruti,2012,280000.0,48006,Diesel,14,3200.4
Maruti Suzuki Swift,Maruti,2012,280000.0,48006,Diesel,14,3200.4
Toyota Innova 2.0 G4,Toyota,2012,600000.0,80000,Diesel,14,5333.333333333333
Maruti Suzuki Swift VDi ABS,Maruti,2010,190000.0,74000,Diesel,16,4352.941176470588
Hyundai Elite i20 Asta 1.2,Hyundai,2015,500000.0,22000,Petrol,11,1833.3333333333333
Volkswagen Polo Trendline 1.5L D,Volkswagen,2015,350000.0,25000,Diesel,11,2083.3333333333335
Toyota Etios Liva Diesel,Toyota,2012,350000.0,85000,Diesel,14,5666.666666666667
Mahindra TUV300 T4 Plus,Mahindra,2016,540000.0,29500,Diesel,10,2681.818181818182
Hyundai Elite i20 Asta 1.2,Hyundai,2015,470000.0,30000,Petrol,11,2500.0
Hyundai Santro Xing GLS,Hyundai,2014,179000.0,57000,Petrol,12,4384.615384615385
Maruti Suzuki Zen LXi BS III,Maruti,2003,48000.0,60000,Petrol,23,2500.0
Maruti Suzuki Ciaz ZXi Plus RS,Maruti,2016,650000.0,50000,Petrol,10,4545.454545454545
Hyundai Eon Era Plus,Hyundai,2013,190000.0,39700,Petrol,13,2835.714285714286
Hyundai Elantra 1.8 S,Hyundai,2012,500000.0,65000,Petrol,14,4333.333333333333
Maruti Suzuki Swift VDi,Maruti,2010,270000.0,67000,Diesel,16,3941.176470588235
Maruti Suzuki Zen Estilo LXI Green CNG,Maruti,2008,125000.0,46000,Petrol,18,2421.0526315789475
Hyundai Eon Era Plus,Hyundai,2012,188000.0,38000,Petrol,14,2533.3333333333335
Hyundai Grand i10 Magna 1.2 Kappa VTVT,Hyundai,2016,380000.0,27000,Petrol,10,2454.5454545454545
Hyundai Verna Fluidic New,Hyundai,2011,365000.0,43000,Diesel,15,2687.5
Ford EcoSport Trend 1.5L Ti VCT,Ford,2014,465000.0,47000,Petrol,12,3615.3846153846152
Hyundai i20 Magna,Hyundai,2011,240000.0,42000,Petrol,15,2625.0
Chevrolet Beat Diesel,Chevrolet,2016,179999.0,19336,Diesel,10,1757.8181818181818
Tata Indica eV2 LS,Tata,2015,140000.0,60105,Diesel,11,5008.75
Maruti Suzuki Swift ZXi 1.2 BS IV,Maruti,2015,475000.0,22000,Petrol,11,1833.3333333333333
Maruti Suzuki S Cross Sigma 1.3,Maruti,2016,615000.0,21000,Diesel,10,1909.090909090909
Maruti Suzuki Ertiga LDi,Maruti,2013,475000.0,48000,Diesel,13,3428.5714285714284
Maruti Suzuki Alto K10 VXi AMT,Maruti,2016,270000.0,38000,Petrol,10,3454.5454545454545
Honda City SV,Honda,2014,475000.0,34000,Diesel,12,2615.3846153846152
Volkswagen Vento Comfortline Petrol,Volkswagen,2011,240000.0,45933,Petrol,15,2870.8125
Honda City 1.5 EXi New,Honda,2005,120000.0,68000,Petrol,21,3090.909090909091
Mahindra KUV100,Mahindra,2017,360000.0,35000,Diesel,9,3500.0
Tata Zest XE 75 PS Diesel,Tata,2018,450000.0,102563,Diesel,8,11395.888888888889
Mahindra XUV500 W8,Mahindra,2015,900000.0,28600,Diesel,11,2383.3333333333335
Maruti Suzuki Swift Dzire Tour VDi,Maruti,2017,650000.0,41800,Diesel,9,4180.0
Tata Sumo Gold LX BS IV,Tata,2014,275000.0,116000,Diesel,12,8923.076923076924
Maruti Suzuki Swift Dzire VXi 1.2 BS IV,Maruti,2009,210000.0,59000,Petrol,17,3277.777777777778
Mahindra Scorpio 2.6 SLX,Mahindra,2004,175000.0,58000,Diesel,22,2521.7391304347825
Maruti Suzuki Omni 8 STR BS III,Maruti,2009,85000.0,45000,Petrol,17,2500.0
Renault Duster,Renault,2014,800000.0,7400,Diesel,12,569.2307692307693
Volkswagen Jetta Comfortline 1.9 TDI AT,Volkswagen,2009,450000.0,54500,Diesel,17,3027.777777777778
Toyota Corolla Altis VL AT Petrol,Toyota,2014,790000.0,29000,Petrol,12,2230.769230769231
Chevrolet Beat LT Petrol,Chevrolet,2012,135000.0,36000,Petrol,14,2400.0
Datsun Redi GO S,Datsun,2018,299999.0,7000,Petrol,8,777.7777777777778
Mahindra Scorpio SLX,Mahindra,2004,175000.0,60000,Diesel,22,2608.695652173913
Volkswagen Vento Comfortline Diesel,Volkswagen,2011,200000.0,95000,Diesel,15,5937.5
Tata Indigo CS GLS,Tata,2017,270000.0,50000,Diesel,9,5000.0
Ford Figo Petrol Titanium,Ford,2019,525000.0,0,Petrol,7,0.0
Honda City ZX GXi,Honda,2006,180000.0,50000,Petrol,20,2380.9523809523807
Maruti Suzuki Wagon R Duo Lxi,Maruti,2008,140000.0,68000,Petrol,18,3578.9473684210525
Ford EcoSport Trend 1.5L TDCi,Ford,2014,400000.0,16000,Petrol,12,1230.7692307692307
Maruti Suzuki Swift Dzire VDi,Maruti,2016,499000.0,51000,Diesel,10,4636.363636363636
Maruti Suzuki Omni 8 STR BS III,Maruti,2009,85000.0,56000,Petrol,17,3111.1111111111113
Maruti Suzuki Zen LX BSII,Maruti,2004,70000.0,100000,Petrol,22,4347.826086956522
Renault Duster RxL Petrol,Renault,2015,550000.0,36000,Petrol,11,3000.0
Maruti Suzuki Swift VXi 1.2 BS IV,Maruti,2014,370000.0,11523,Petrol,12,886.3846153846154
Maruti Suzuki Baleno Zeta 1.2,Maruti,2018,690000.0,1000,Petrol,8,111.11111111111111
Honda WR V S MT Petrol,Honda,2009,250000.0,60000,Petrol,17,3333.3333333333335
Tata Indigo CS eLX BS IV,Tata,2016,110000.0,85000,Diesel,10,7727.272727272727
Renault Duster 110 PS RxL Diesel,Renault,2013,490000.0,38600,Diesel,13,2757.1428571428573
Mahindra Scorpio LX BS III,Mahindra,2009,320000.0,95500,Diesel,17,5305.555555555556
Maruti Suzuki Zen LXi BS III,Maruti,2004,68000.0,56000,Petrol,22,2434.782608695652
Maruti Suzuki Wagon R LXi BS III,Maruti,2014,130000.0,37458,Petrol,12,2881.3846153846152
Hyundai Eon D Lite Plus,Hyundai,2018,280000.0,35000,Petrol,8,3888.8888888888887
Maruti Suzuki Zen Estilo LXI Green CNG,Maruti,2009,125000.0,0,Petrol,17,0.0
Mahindra Scorpio SLX,Mahindra,2008,285000.0,80000,Diesel,18,4210.526315789473
Hyundai Santro AE GLS Audio,Hyundai,2011,165000.0,45000,Petrol,15,2812.5
Maruti Suzuki Swift Dzire Tour VDi,Maruti,2009,250000.0,51000,Diesel,17,2833.3333333333335
Mahindra Scorpio S4,Mahindra,2015,865000.0,30000,Diesel,11,2500.0
Mahindra Xylo D2 BS IV,Mahindra,2011,390000.0,48000,Diesel,15,3000.0
Hyundai Santro,Hyundai,2003,60000.0,51000,Petrol,23,2125.0
Chevrolet Beat LT Diesel,Chevrolet,2015,215000.0,90000,Diesel,11,7500.0
Maruti Suzuki Swift Dzire VDi,Maruti,2015,475000.0,43000,Diesel,11,3583.3333333333335
Mahindra XUV500 W8,Mahindra,2015,899000.0,53000,Diesel,11,4416.666666666667
Maruti Suzuki Alto K10 VXi,Maruti,2013,240000.0,20000,Petrol,13,1428.5714285714287
Hyundai Getz GLE,Hyundai,2007,99000.0,55000,Petrol,19,2750.0
Maruti Suzuki Swift Dzire Tour LDi,Maruti,2014,260000.0,120000,Diesel,12,9230.76923076923
Hyundai Santro Xing XL AT eRLX Euro III,Hyundai,2007,115000.0,46000,Petrol,19,2300.0
Hyundai Santro Xing XL eRLX Euro III,Hyundai,2009,88000.0,43200,Petrol,17,2400.0
Mahindra Xylo D2 BS IV,Mahindra,2011,390000.0,56000,Diesel,15,3500.0
Hyundai Santro Xing XL eRLX Euro III,Hyundai,2007,135000.0,42000,Petrol,19,2100.0
Tata Indica V2 DLS BS III,Tata,2009,90000.0,30600,Diesel,17,1700.0
Hyundai i10 Sportz 1.2,Hyundai,2011,220000.0,38000,Petrol,15,2375.0
Hyundai Grand i10 Magna 1.2 Kappa VTVT,Hyundai,2017,424999.0,2550,Petrol,9,255.0
Hyundai Santro Xing XL AT eRLX Euro III,Hyundai,2007,135000.0,47000,Petrol,19,2350.0
Honda City 1.5 E MT,Honda,2005,95000.0,41000,Petrol,21,1863.6363636363637
Nissan Micra XL,Nissan,2017,430000.0,62500,Diesel,9,6250.0
Honda City 1.5 S Inspire,Honda,2005,115000.0,68000,Petrol,21,3090.909090909091
Maruti Suzuki Alto 800 Lxi,Maruti,2015,215000.0,50000,Petrol,11,4166.666666666667
Maruti Suzuki Wagon R LX BS III,Maruti,2004,53000.0,69000,Petrol,22,3000.0
Maruti Suzuki Ertiga VDi,Maruti,2012,500000.0,48000,Diesel,14,3200.0
Tata Indica eV2 eXeta eGLX,Tata,2012,85000.0,55000,Diesel,14,3666.6666666666665
Maruti Suzuki Omni E 8 STR BS IV,Maruti,2013,165000.0,25000,Petrol,13,1785.7142857142858
Hyundai Eon Era Plus,Hyundai,2014,200000.0,28400,Petrol,12,2184.6153846153848
Hyundai Eon,Hyundai,2014,200000.0,28000,Petrol,12,2153.846153846154
Maruti Suzuki Swift LDi,Maruti,2015,425000.0,42000,Diesel,11,3500.0
Hyundai Verna 1.6 CRDI SX Plus AT,Hyundai,2012,600000.0,29000,Diesel,14,1933.3333333333333
Chevrolet Tavera LS B3 10 Seats BSII,Chevrolet,2005,130000.0,68485,Diesel,21,3112.9545454545455
Tata Tiago Revotron XM,Tata,2018,430000.0,3500,Petrol,8,388.8888888888889
Tata Tiago Revotorq XZ,Tata,2019,568500.0,0,Petrol,7,0.0
Maruti Suzuki Zen LXi BS III,Maruti,2006,71000.0,32000,Petrol,20,1523.8095238095239
Mahindra KUV100 K8 D 6 STR,Mahindra,2018,560000.0,8000,Diesel,8,888.8888888888889
Ford EcoSport Titanium 1.5 TDCi,Ford,2014,590000.0,34000,Diesel,12,2615.3846153846152
Hindustan Motors Ambassador Classic Mark 4 – Befo,Hindustan,1995,750000.0,37000,Petrol,31,1156.25
Ford Fusion 1.4 TDCi Diesel,Ford,2007,125000.0,85455,Diesel,19,4272.75
Hyundai Santro Xing XL AT eRLX Euro III,Hyundai,2007,135000.0,46000,Petrol,19,2300.0
Hyundai Santro,Hyundai,2002,60000.0,47000,Petrol,24,1880.0
Fiat Linea Emotion 1.4 L T Jet Petrol,Fiat,2009,120000.0,64000,Petrol,17,3555.5555555555557
Ford Ikon 1.3 Flair Josh 100,Ford,2008,95000.0,46000,Petrol,18,2421.0526315789475
Maruti Suzuki Omni E 8 STR BS IV,Maruti,2017,240000.0,8000,Petrol,9,800.0
Tata Indica V2 LS,Tata,2012,115000.0,64000,Diesel,14,4266.666666666667
Mahindra Scorpio S4,Mahindra,2015,795000.0,63000,Diesel,11,5250.0
Hyundai Santro Xing XL eRLX Euro III,Hyundai,2007,55000.0,65000,Petrol,19,3250.0
Mahindra Xylo D2,Mahindra,2009,300000.0,62000,Diesel,17,3444.4444444444443
Hyundai Grand i10 Asta 1.2 Kappa VTVT,Hyundai,2014,320000.0,41000,Petrol,12,3153.846153846154
Maruti Suzuki Alto 800 Lxi,Maruti,2015,265000.0,14000,Petrol,11,1166.6666666666667
Toyota Corolla,Toyota,2006,160000.0,40000,Petrol,20,1904.7619047619048
Hyundai Eon Magna,Hyundai,2017,300000.0,1600,Petrol,9,160.0
Tata Sumo Grande MKII GX,Tata,2010,130000.0,90000,Diesel,16,5294.117647058823
Maruti Suzuki Swift VDi,Maruti,2011,250000.0,58000,Diesel,15,3625.0
Volkswagen Polo Highline1.2L P,Volkswagen,2013,380000.0,27000,Petrol,13,1928.5714285714287
Maruti Suzuki Alto 800 Lx,Maruti,2003,42000.0,60000,Petrol,23,2500.0
Tata Tiago Revotron XZ,Tata,2017,400000.0,31000,Petrol,9,3100.0
Maruti Suzuki Swift LDi,Maruti,2009,120000.0,90000,Diesel,17,5000.0
Maruti Suzuki Swift VDi,Maruti,2009,120000.0,90000,Diesel,17,5000.0
Tata Indigo eCS,Tata,2016,130000.0,150000,Diesel,10,13636.363636363636
Chevrolet Beat LS Diesel,Chevrolet,2014,189000.0,31000,Diesel,12,2384.6153846153848
Mahindra Xylo E8 BS IV,Mahindra,2011,365000.0,43000,Diesel,15,2687.5
Hyundai Eon D Lite Plus,Hyundai,2013,170000.0,20000,Petrol,13,1428.5714285714287
Tata Sumo Gold FX BSIII,Tata,2013,215000.0,100000,Petrol,13,7142.857142857143
Tata Nano,Tata,2013,60000.0,7000,Petrol,13,500.0
Hyundai Elite i20,Hyundai,2017,599999.0,31000,Petrol,9,3100.0
Hyundai i10 Magna 1.2 Kappa2,Hyundai,2009,400000.0,33000,Petrol,17,1833.3333333333333
Hyundai Creta,Hyundai,2016,900000.0,60000,Diesel,10,5454.545454545455
Volkswagen Polo,Volkswagen,2013,299999.0,48000,Diesel,13,3428.5714285714284
Maruti Suzuki Dzire,Maruti,2014,374999.0,33000,Petrol,12,2538.4615384615386
Tata Bolt XM Petrol,Tata,2015,600000.0,15000,Petrol,11,1250.0
Maruti Suzuki Alto 800 Lx,Maruti,2005,70000.0,47000,Petrol,21,2136.3636363636365
Maruti Suzuki Alto,Maruti,2005,100000.0,40000,Petrol,21,1818.1818181818182
Maruti Suzuki Ritz,Maruti,2010,150000.0,38000,Diesel,16,2235.294117647059
Maruti Suzuki Alto 800 Lxi,Maruti,2017,225000.0,12500,Petrol,9,1250.0
Maruti Suzuki Dzire,Maruti,2009,210000.0,42000,Petrol,17,2333.3333333333335
Hyundai i20 Asta,Hyundai,2014,425000.0,31000,Petrol,12,2384.6153846153848
Maruti Suzuki Swift Select Variant,Maruti,2008,162000.0,60000,Diesel,18,3157.8947368421054
Tata Indica V2 DLX BS III,Tata,2005,60000.0,80000,Diesel,21,3636.3636363636365
Mahindra Scorpio VLX 2.2 mHawk Airbag BSIV,Mahindra,2014,650000.0,77000,Diesel,12,5923.076923076923
Toyota Innova 2.5 E 8 STR,Toyota,2012,750000.0,75000,Diesel,14,5000.0
Mahindra Xylo E8,Mahindra,2010,375000.0,40000,Diesel,16,2352.9411764705883
Hyundai i20 Magna 1.2,Hyundai,2011,230000.0,47000,Petrol,15,2937.5
Maruti Suzuki Omni,Maruti,2000,35999.0,60000,Petrol,26,2222.222222222222
Mahindra KUV100,Mahindra,2016,380000.0,26500,Petrol,10,2409.090909090909
Mahindra KUV100 K8 6 STR,Mahindra,2019,560000.0,2875,Petrol,7,359.375
Datsun Go Plus,Datsun,2016,285000.0,13900,Petrol,10,1263.6363636363637
Tata Indica V2,Tata,2005,39999.0,80000,Diesel,21,3636.3636363636365
Hyundai Santro Xing GL,Hyundai,2006,85000.0,60000,Petrol,20,2857.1428571428573
Maruti Suzuki Wagon R 1.0 VXi,Maruti,2016,395000.0,20000,Petrol,10,1818.1818181818182
Maruti Suzuki Swift Select Variant,Maruti,2008,175000.0,58000,Diesel,18,3052.6315789473683
Maruti Suzuki Alto 800 Lx,Maruti,2019,400000.0,1500,Petrol,7,187.5
Toyota Innova 2.5 Z Diesel 7 Seater,Toyota,2011,750000.0,75000,Diesel,15,4687.5
Maruti Suzuki Alto 800,Maruti,2016,250000.0,2450,Petrol,10,222.72727272727272
Maruti Suzuki Alto AX,Maruti,2019,425000.0,1625,Petrol,7,203.125
Volkswagen Polo Highline1.2L P,Volkswagen,2017,525000.0,45000,Petrol,9,4500.0
Mahindra Logan,Mahindra,2009,130000.0,65000,Diesel,17,3611.1111111111113
Maruti Suzuki 800 Std BS III,Maruti,2000,30000.0,33400,Petrol,26,1237.037037037037
Mahindra Scorpio,Mahindra,2011,475000.0,60123,Diesel,15,3757.6875
Chevrolet Sail 1.2 LS,Chevrolet,2013,300000.0,28000,Petrol,13,2000.0
Hyundai Santro AE GLS Audio,Hyundai,2003,60000.0,70000,Petrol,23,2916.6666666666665
Maruti Suzuki Wagon R VXi Minor,Maruti,2006,100000.0,7000,Petrol,20,333.3333333333333
Hyundai Eon,Hyundai,2018,260000.0,25000,Petrol,8,2777.777777777778
Tata Manza,Tata,2015,100000.0,100000,Diesel,11,8333.333333333334
Toyota Etios G,Toyota,2013,265000.0,42000,Petrol,13,3000.0
Hyundai Getz Prime 1.3 GLX,Hyundai,2009,115000.0,20000,Petrol,17,1111.111111111111
Toyota Qualis,Toyota,2003,180000.0,100000,Diesel,23,4166.666666666667
Hyundai Santro Xing,Hyundai,2004,45000.0,137495,Petrol,22,5978.04347826087
Tata Indica eV2 LS,Tata,2016,50500.0,91200,Diesel,10,8290.90909090909
Honda City 1.5 S MT,Honda,2009,270000.0,55000,Petrol,17,3055.5555555555557
Tata Zest XE 75 PS Diesel,Tata,2017,290000.0,120000,Diesel,9,12000.0
Mahindra Quanto C4,Mahindra,2013,325000.0,63000,Diesel,13,4500.0
Tata Indigo eCS LX CR4 BS IV,Tata,2016,160000.0,104000,Diesel,10,9454.545454545454
Maruti Suzuki Swift Dzire,Maruti,2016,350000.0,146000,Diesel,10,13272.727272727272
Hyundai Elite i20,Hyundai,2011,290000.0,40000,Petrol,15,2500.0
Hyundai i20 Select Variant,Hyundai,2011,290000.0,40000,Petrol,15,2500.0
Chevrolet Tavera Neo,Chevrolet,2007,465000.0,100800,Diesel,19,5040.0
Maruti Suzuki Dzire,Maruti,2016,325000.0,150000,Diesel,10,13636.363636363636
Hyundai Elite i20,Hyundai,2018,510000.0,2100,Petrol,8,233.33333333333334
Honda City VX Petrol,Honda,2016,860000.0,95000,Petrol,10,8636.363636363636
Maruti Suzuki Dzire,Maruti,2016,450000.0,2500,Diesel,10,227.27272727272728
Hyundai Getz,Hyundai,2006,125000.0,80000,Petrol,20,3809.5238095238096
Mercedes Benz C Class 200 K MT,Mercedes,2006,500001.0,15000,Petrol,20,714.2857142857143
Maruti Suzuki Alto LXi BS III,Maruti,2005,95000.0,65000,Petrol,21,2954.5454545454545
Maruti Suzuki Swift Dzire Tour VDi,Maruti,2009,250000.0,51000,Diesel,17,2833.3333333333335
Skoda Fabia,Skoda,2009,110000.0,45000,Petrol,17,2500.0
Maruti Suzuki Ritz VXI ABS,Maruti,2011,270000.0,50000,Petrol,15,3125.0
Tata Indica V2 DLE BS III,Tata,2009,110000.0,30000,Diesel,17,1666.6666666666667
Toyota Corolla Altis,Toyota,2009,300000.0,132000,Petrol,17,7333.333333333333
Tata Zest XM Diesel,Tata,2018,260000.0,27000,Diesel,8,3000.0
Mahindra Quanto C8,Mahindra,2013,390000.0,40000,Diesel,13,2857.1428571428573
